MUNICIPIO,AGROPECUARIA,INDUSTRIA,ADM PUBLICA,SUBTOTAL,TOTAL,IMPOSTOS,PIB,PIB CAPITA
Adamantina,28.684,97.581,84.287,264.939,475.491,45.619,  521.110 ,15.426
Adolfo,22.852,7.986,11.059,14.581,56.478,2.336,  58.814 ,16.319
Aguaí,121.372,165.819,63.883,139.491,490.565,35.452,  526.017 ,16.770
Águas da Prata,4.022,7.444,16.114,28.820,56.401,3.767,  60.167 ,8.045
Águas de Lindóia,2.331,13.147,36.826,112.442,164.746,12.008,  176.754 ,10.342
Águas de Santa Bárbara,16.266,6.380,15.930,22.450,61.026,4.090,  65.116 ,11.728
Águas de São Pedro,0,3.826,11.071,36.854,51.751,3.574,  55.325 ,21.894
Agudos,51.630,408.237,73.054,213.355,746.277,200.568,  946.846 ,27.704
Alambari,22.944,3.781,10.580,8.731,46.036,1.439,  47.475 ,10.276
Alfredo Marcondes,3.888,5.470,9.746,9.375,28.480,1.427,  29.907 ,7.720
Altair,33.970,2.635,10.228,11.333,58.166,901,  59.067 ,15.718
Altinópolis,107.574,9.679,31.479,88.376,237.108,9.617,  246.725 ,15.740
Alto Alegre,18.634,11.041,10.898,14.519,55.092,2.093,  57.185 ,13.850
Alumínio,4.151,643.854,63.276,252.004,963.285,552.445,  1.515.730 ,91.590
Álvares Florence,14.980,31.515,9.816,14.013,70.323,2.226,  72.549 ,18.165
Álvares Machado,9.195,42.433,48.513,74.902,175.043,20.470,  195.513 ,8.330
Álvaro de Carvalho,7.245,1.189,10.238,7.769,26.442,1.009,  27.451 ,6.036
Alvinlândia,4.243,1.305,8.025,7.350,20.923,841,  21.764 ,7.383
Americana,5.321,1.984.560,504.210,2.344.127,4.838.219,1.042.646,  5.880.865 ,28.674
Américo Brasiliense,11.186,79.087,72.530,124.654,287.457,40.543,  328.000 ,9.901
Américo de Campos,8.337,2.484,12.865,13.975,37.660,1.791,  39.452 ,6.952
Amparo,102.246,801.845,155.860,604.705,1.664.656,274.874,  1.939.530 ,29.951
Analândia,24.682,35.066,15.693,24.733,100.175,4.261,  104.435 ,25.159
Andradina,65.517,418.948,116.379,434.377,1.035.219,96.190,  1.131.409 ,20.438
Angatuba,61.393,106.028,47.353,85.379,300.152,30.205,  330.357 ,15.276
Anhembi,34.296,12.843,15.774,17.031,79.944,11.932,  91.876 ,16.964
Anhumas,20.423,4.797,8.978,9.672,43.870,1.108,  44.978 ,12.236
Aparecida,722,48.908,77.291,267.559,394.480,26.639,  421.118 ,12.041
Aparecida d'Oeste,8.980,2.855,10.003,11.732,33.571,1.309,  34.880 ,7.651
Apiaí,71.196,35.774,50.520,73.920,231.411,14.496,  245.907 ,9.542
Araçariguama,1.041,447.809,43.081,253.334,745.264,204.471,  949.736 ,59.848
Araçatuba,84.797,470.517,377.382,1.755.148,2.687.844,353.485,  3.041.329 ,16.973
Araçoiaba da Serra,10.856,22.163,52.415,91.676,177.110,18.541,  195.652 ,7.603
Aramina,23.413,5.906,13.984,27.245,70.547,4.367,  74.914 ,14.846
Arandu,13.920,4.803,14.536,12.346,45.604,1.390,  46.994 ,7.633
Arapeí,1.555,762,8.671,3.943,14.930,594,  15.524 ,6.158
Araraquara,69.396,1.031.450,462.218,2.054.434,3.617.499,543.229,  4.160.728 ,20.483
Araras,56.911,888.292,259.394,1.118.763,2.323.361,355.387,  2.678.748 ,23.160
Arco-Íris,12.938,5.371,6.412,6.100,30.821,1.140,  31.961 ,16.061
Arealva,67.646,6.867,17.369,34.618,126.501,3.586,  130.087 ,16.857
Areias,3.510,466,10.715,5.524,20.216,880,  21.096 ,5.715
Areiópolis,11.627,7.700,23.768,22.731,65.826,2.424,  68.250 ,6.472
Ariranha,14.525,97.147,24.030,81.001,216.703,60.972,  277.675 ,33.342
Artur Nogueira,45.603,102.357,82.571,169.135,399.667,44.574,  444.241 ,10.600
Arujá,7.515,603.483,157.111,486.007,1.254.116,249.684,  1.503.801 ,20.986
Aspásia,3.513,1.186,5.132,2.876,12.707,431,  13.138 ,7.211
Assis,30.299,132.271,199.638,724.231,1.086.439,126.000,  1.212.440 ,12.975
Atibaia,71.806,681.473,279.640,1.233.586,2.266.505,426.293,  2.692.798 ,21.789
Auriflama,12.951,29.485,30.085,57.431,129.952,9.818,  139.770 ,9.918
Avaí,52.007,10.551,13.363,21.661,97.582,4.271,  101.853 ,20.846
Avanhandava,29.475,25.617,25.920,37.908,118.920,7.959,  126.880 ,11.749
Avaré,72.095,162.551,161.431,459.155,855.232,83.845,  939.077 ,11.507
Bady Bassitt,12.096,37.979,27.754,58.829,136.657,15.251,  151.908 ,10.893
Balbinos,1.283,1.920,9.355,3.574,16.132,828,  16.961 ,5.284
Bálsamo,21.554,25.669,17.253,32.847,97.323,8.904,  106.227 ,13.300
Bananal,5.085,27.715,25.537,32.463,90.801,6.901,  97.702 ,9.615
Barão de Antonina,2.874,725,8.517,8.522,20.638,920,  21.558 ,7.155
Barbosa,8.504,5.121,14.822,16.189,44.636,2.388,  47.025 ,7.299
Bariri,30.905,133.197,62.874,188.553,415.529,51.924,  467.452 ,15.112
Barra Bonita,8.248,210.088,75.500,272.053,565.888,64.516,  630.404 ,17.831
Barra do Chapéu,12.008,1.153,12.165,7.683,33.008,596,  33.604 ,6.472
Barra do Turvo,2.476,1.335,21.471,11.794,37.076,2.318,  39.393 ,5.027
Barretos,107.333,573.048,269.657,925.282,1.875.321,186.336,  2.061.657 ,18.698
Barrinha,17.342,31.172,55.723,75.197,179.435,13.859,  193.293 ,7.008
Barueri,75,3.524.705,742.041,16.271.508,20.538.329,6.851.910,  27.390.239 ,117.093
Bastos,212.213,35.343,44.495,87.555,379.606,20.302,  399.907 ,19.440
Batatais,102.722,174.733,123.435,374.080,774.971,73.176,  848.147 ,15.306
Bauru,22.254,960.477,661.471,3.473.420,5.117.621,836.593,  5.954.214 ,17.582
Bebedouro,71.306,262.678,161.971,597.731,1.093.686,132.600,  1.226.286 ,16.317
Bento de Abreu,26.791,10.859,11.421,14.135,63.206,2.457,  65.663 ,25.255
Bernardino de Campos,15.763,16.377,20.835,39.455,92.430,7.859,  100.289 ,9.305
Bertioga,1.342,110.170,146.981,307.231,565.723,42.433,  608.156 ,13.870
Bilac,23.882,4.131,16.365,35.815,80.194,3.815,  84.008 ,12.228
Birigui,32.872,416.872,208.019,577.340,1.235.103,154.491,  1.389.594 ,13.146
Biritiba-Mirim,103.147,12.553,52.971,79.523,248.194,10.295,  258.489 ,9.296
Boa Esperança do Sul,41.110,6.027,32.047,52.525,131.709,8.859,  140.569 ,10.461
Bocaina,18.271,60.064,26.246,57.074,161.655,14.545,  176.199 ,16.660
Bofete,25.384,16.793,22.838,25.646,90.661,5.656,  96.316 ,10.548
Boituva,21.060,428.882,102.682,438.091,990.715,169.265,  1.159.980 ,25.616
Bom Jesus dos Perdões,5.440,50.897,34.583,55.262,146.183,20.434,  166.616 ,9.079
Bom Sucesso de Itararé,2.222,10.849,9.066,6.269,28.406,1.862,  30.268 ,8.633
Borá,8.827,2.965,4.193,5.326,21.310,2.267,  23.578 ,29.072
Boracéia,8.150,73.510,10.429,18.077,110.166,5.860,  116.026 ,27.904
Borborema,76.244,11.814,31.271,62.506,181.835,6.722,  188.557 ,13.214
Borebi,15.529,2.032,8.317,7.678,33.556,899,  34.456 ,15.479
Botucatu,81.542,811.282,237.280,941.658,2.071.763,288.212,  2.359.975 ,19.117
Bragança Paulista,51.173,807.885,299.163,1.110.283,2.268.504,308.841,  2.577.345 ,18.102
Braúna,11.410,5.430,12.365,14.340,43.545,2.236,  45.782 ,9.412
Brejo Alegre,8.280,2.301,8.037,9.269,27.888,3.660,  31.548 ,12.470
Brodowski,30.778,27.636,42.174,79.359,179.947,14.121,  194.068 ,9.537
Brotas,83.052,46.906,51.445,126.891,308.294,26.301,  334.594 ,15.885
Buri,51.261,12.725,47.170,54.096,165.252,6.967,  172.218 ,9.363
Buritama,14.083,136.030,31.169,60.143,241.426,7.704,  249.130 ,16.538
Buritizal,25.114,7.469,13.400,16.458,62.440,2.525,  64.966 ,16.290
Cabrália Paulista,51.649,9.816,10.950,12.089,84.503,2.055,  86.558 ,19.513
Cabreúva,23.375,491.233,85.640,306.383,906.630,272.508,  1.179.138 ,29.640
Caçapava,7.278,1.044.319,174.564,701.747,1.927.909,401.283,  2.329.191 ,28.085
Cachoeira Paulista,6.063,48.725,63.398,142.830,261.017,13.276,  274.292 ,9.284
Caconde,25.581,53.375,39.069,49.697,167.722,6.516,  174.238 ,9.362
Cafelândia,31.220,13.304,32.229,63.938,140.691,10.207,  150.898 ,9.170
Caiabu,10.666,1.389,10.850,7.630,30.536,778,  31.314 ,7.673
Caieiras,3.324,557.347,174.856,413.088,1.148.614,179.398,  1.328.012 ,15.932
Caiuá,16.184,10.954,13.282,11.940,52.359,3.969,  56.328 ,11.604
Cajamar,291,1.761.734,159.873,1.219.399,3.141.297,1.066.620,  4.207.917 ,68.616
Cajati,47.529,360.656,68.516,160.697,637.398,212.151,  849.550 ,29.571
Cajobi,26.179,10.247,22.626,31.634,90.686,4.121,  94.807 ,9.806
Cajuru,47.843,43.706,49.549,83.151,224.249,21.545,  245.794 ,10.756
Campina do Monte Alegre,16.669,6.429,13.007,33.277,69.382,3.951,  73.333 ,13.278
Campinas,41.056,6.058.878,2.426.987,15.381.326,23.908.248,6.259.871,  30.168.119 ,28.561
Campo Limpo Paulista,2.193,385.641,149.972,325.450,863.257,124.824,  988.081 ,13.729
Campos do Jordão,1.715,54.888,119.049,307.900,483.552,36.885,  520.436 ,11.006
Campos Novos Paulista,23.327,4.586,12.900,19.789,60.602,2.764,  63.366 ,14.176
Cananéia,7.183,70.112,32.330,47.776,157.401,3.876,  161.278 ,13.145
Canas,786,2.044,12.614,10.917,26.361,1.937,  28.298 ,6.739
Cândido Mota,80.988,74.665,61.721,163.295,380.670,45.982,  426.651 ,14.308
Cândido Rodrigues,15.779,2.517,7.512,11.067,36.874,1.240,  38.114 ,14.334
Canitar,5.055,13.633,12.046,10.952,41.686,3.018,  44.704 ,10.581
Capão Bonito,116.783,43.776,94.752,165.279,420.590,22.101,  442.691 ,9.506
Capela do Alto,31.183,14.653,36.903,44.062,126.802,7.156,  133.958 ,7.940
Capivari,29.579,271.257,99.527,279.373,679.735,127.293,  807.028 ,17.127
Caraguatatuba,3.293,113.562,197.461,557.748,872.064,97.932,  969.996 ,10.082
Carapicuíba,54,404.454,626.650,1.025.596,2.056.754,220.476,  2.277.230 ,6.246
Cardoso,22.227,5.062,25.158,36.023,88.470,3.452,  91.922 ,7.781
Casa Branca,145.636,29.217,57.363,146.569,378.786,21.063,  399.849 ,14.290
Cássia dos Coqueiros,27.349,5.929,8.423,9.046,50.747,601,  51.348 ,19.018
Castilho,36.170,45.937,49.388,95.332,226.827,19.864,  246.691 ,14.227
Catanduva,29.080,430.955,262.223,1.012.643,1.734.901,205.898,  1.940.799 ,17.427
Catiguá,14.969,4.809,15.797,24.828,60.403,4.365,  64.768 ,9.251
Cedral,17.633,24.726,18.664,48.750,109.773,15.016,  124.789 ,16.160
Cerqueira César,41.338,40.593,33.558,76.457,191.945,15.002,  206.947 ,12.131
Cerquilho,46.023,431.281,80.563,300.313,858.180,126.383,  984.563 ,26.291
Cesário Lange,24.296,26.442,32.276,60.579,143.592,14.055,  157.648 ,10.521
Charqueada,20.256,56.347,28.644,58.107,163.354,19.365,  182.719 ,12.482
Chavantes,20.292,13.881,29.195,42.643,106.010,6.505,  112.516 ,9.291
Clementina,10.385,16.919,14.715,23.399,65.417,4.337,  69.754 ,10.477
Colina,30.570,139.178,43.710,124.260,337.718,41.412,  379.130 ,21.944
Colômbia,61.048,47.646,20.450,37.585,166.729,13.737,  180.465 ,30.138
Conchal,32.146,82.514,54.838,105.674,275.171,25.663,  300.834 ,12.175
Conchas,15.294,75.324,40.802,87.116,218.536,17.176,  235.712 ,14.722
Cordeirópolis,24.142,373.777,57.651,420.652,876.221,142.218,  1.018.439 ,50.024
Coroados,25.234,7.257,12.156,17.904,62.552,2.624,  65.176 ,12.830
Coronel Macedo,17.779,2.753,11.641,7.774,39.948,767,  40.715 ,7.954
Corumbataí,29.225,5.243,12.257,28.012,74.737,7.668,  82.404 ,21.337
Cosmópolis,11.998,191.173,126.403,252.547,582.121,67.259,  649.380 ,11.648
Cosmorama,25.275,22.217,15.954,33.315,96.762,10.366,  107.128 ,14.732
Cotia,5.420,1.542.288,412.568,2.402.151,4.362.427,1.081.503,  5.443.930 ,28.630
Cravinhos,48.832,148.894,66.677,180.015,444.418,68.526,  512.944 ,16.490
Cristais Paulista,35.699,3.597,17.625,28.246,85.167,3.064,  88.231 ,11.928
Cruzália,14.456,3.817,6.807,13.345,38.425,1.248,  39.673 ,16.832
Cruzeiro,4.540,425.894,164.917,431.145,1.026.495,181.482,  1.207.977 ,15.801
Cubatão,216,5.092.433,439.749,2.391.513,7.923.911,1.856.870,  9.780.781 ,83.712
Cunha,13.083,2.875,39.495,36.419,91.872,3.127,  94.999 ,4.271
Descalvado,98.669,251.437,74.382,234.726,659.214,106.986,  766.200 ,25.007
Diadema,183,3.397.783,853.458,3.220.150,7.471.573,1.727.616,  9.199.189 ,24.154
Dirce Reis,3.036,5.843,5.529,4.580,18.988,4.482,  23.470 ,14.028
Divinolândia,15.859,5.560,22.174,51.689,95.281,3.951,  99.232 ,8.669
Dobrada,18.031,3.009,16.317,16.019,53.377,1.728,  55.105 ,7.143
Dois Córregos,44.031,66.213,48.602,116.586,275.433,24.182,  299.615 ,12.365
Dolcinópolis,2.281,1.814,6.431,4.853,15.379,656,  16.035 ,7.596
Dourado,19.969,16.866,19.601,28.307,84.743,6.340,  91.083 ,10.570
Dracena,28.933,73.349,86.834,320.331,509.446,55.780,  565.226 ,13.225
Duartina,9.520,20.863,26.466,49.061,105.910,9.964,  115.874 ,9.379
Dumont,15.333,17.468,17.849,31.780,82.430,8.151,  90.582 ,11.652
Echaporã,20.465,11.455,14.622,21.282,67.823,2.688,  70.511 ,10.954
Eldorado,37.140,4.386,30.610,34.538,106.673,2.695,  109.368 ,7.477
Elias Fausto,45.134,93.924,33.124,80.684,252.865,49.009,  301.874 ,19.619
Elisiário,10.426,3.569,8.895,9.036,31.925,1.401,  33.326 ,11.079
Embaúba,14.638,3.524,7.871,9.258,35.291,931,  36.222 ,14.869
Embu das Artes,65,826.903,447.360,1.034.824,2.309.152,411.275,  2.720.427 ,11.651
Embu-Guaçu,429,146.387,112.364,163.623,422.803,63.418,  486.221 ,7.884
Emilianópolis,7.512,3.568,10.020,7.823,28.923,1.229,  30.152 ,10.037
Engenheiro Coelho,22.145,101.281,31.493,87.388,242.307,27.785,  270.092 ,18.654
Espírito Santo do Pinhal,43.143,192.131,84.190,288.286,607.750,62.894,  670.643 ,16.089
Espírito Santo do Turvo,10.980,16.124,12.138,15.603,54.844,4.599,  59.443 ,14.407
Estiva Gerbi,18.422,64.907,24.352,37.967,145.648,24.604,  170.252 ,17.378
Estrela do Norte,3.263,2.613,9.035,5.269,20.179,654,  20.833 ,7.879
Estrela d'Oeste,21.870,175.803,18.437,87.739,303.849,34.489,  338.338 ,41.090
Euclides da Cunha Paulista,9.811,5.259,22.613,18.451,56.134,2.326,  58.460 ,5.992
Fartura,22.141,10.306,29.865,54.545,116.857,5.701,  122.558 ,8.032
Fernando Prestes,29.232,10.656,13.893,24.222,78.003,4.613,  82.616 ,14.997
Fernandópolis,37.211,150.950,128.253,481.399,797.813,77.457,  875.270 ,13.628
Fernão,9.394,1.246,4.818,4.774,20.232,676,  20.908 ,13.533
Ferraz de Vasconcelos,563,517.930,284.158,417.341,1.219.993,133.562,  1.353.555 ,8.298
Flora Rica,7.092,4.327,4.959,4.561,20.940,778,  21.718 ,11.645
Floreal,8.387,6.201,7.605,9.262,31.455,1.760,  33.215 ,10.865
Flórida Paulista,46.326,38.494,24.642,49.713,159.175,11.643,  170.818 ,13.692
Florínia,28.972,7.795,9.489,19.218,65.474,2.310,  67.785 ,23.422
Franca,39.257,752.720,580.482,1.960.912,3.333.371,451.068,  3.784.439 ,12.095
Francisco Morato,80,51.316,271.419,310.609,633.424,65.934,  699.358 ,4.652
Franco da Rocha,772,422.987,222.916,438.427,1.085.102,148.609,  1.233.711 ,9.733
Gabriel Monteiro,9.341,7.065,7.610,9.596,33.611,1.858,  35.470 ,13.045
Gália,6.346,6.388,13.865,19.136,45.735,5.249,  50.984 ,7.074
Garça,54.448,84.828,81.343,257.529,478.149,49.850,  527.999 ,12.233
Gastão Vidigal,11.582,7.643,8.681,9.435,37.341,1.480,  38.821 ,9.566
Gavião Peixoto,17.388,2.918,11.872,12.041,44.220,4.379,  48.599 ,11.141
General Salgado,27.691,25.540,25.869,46.717,125.817,13.050,  138.867 ,12.979
Getulina,20.203,18.976,21.632,30.563,91.373,4.974,  96.347 ,8.995
Glicério,14.483,5.695,12.352,12.807,45.337,1.767,  47.104 ,10.362
Guaiçara,27.145,23.068,23.201,28.738,102.152,5.864,  108.016 ,10.433
Guaimbê,5.959,2.981,10.632,13.145,32.717,1.746,  34.463 ,6.370
Guaíra,134.840,187.935,90.550,254.692,668.018,73.137,  741.155 ,20.086
Guapiaçu,78.198,129.131,37.352,82.786,327.467,24.065,  351.533 ,20.621
Guapiara,50.175,23.242,40.732,35.172,149.322,6.424,  155.746 ,8.411
Guará,37.341,86.405,43.815,79.928,247.489,21.808,  269.297 ,13.646
Guaraçaí,45.949,3.965,19.462,38.266,107.642,3.877,  111.519 ,13.046
Guaraci,32.830,23.825,24.723,37.955,119.333,9.669,  129.002 ,13.254
Guarani d'Oeste,3.484,1.806,6.899,4.062,16.251,600,  16.852 ,8.515
Guarantã,25.759,3.895,12.992,21.670,64.316,2.825,  67.141 ,10.499
Guararapes,114.116,124.220,60.609,175.440,474.385,39.277,  513.662 ,16.991
Guararema,10.078,275.296,52.933,588.596,926.902,168.976,  1.095.878 ,43.655
Guaratinguetá,15.349,796.388,234.045,892.435,1.938.218,354.736,  2.292.953 ,20.712
Guareí,49.475,13.645,27.613,22.331,113.063,4.756,  117.819 ,8.614
Guariba,30.193,130.173,80.811,154.633,395.809,36.703,  432.513 ,12.520
Guarujá,8.214,769.042,716.825,1.690.382,3.184.463,456.641,  3.641.104 ,12.733
Guarulhos,10.059,8.337.664,2.505.891,13.156.283,24.009.898,5.184.092,  29.193.990 ,24.492
Guatapará,62.281,2.854,17.627,20.640,103.402,2.900,  106.303 ,15.460
Guzolândia,7.241,7.232,11.687,9.821,35.981,1.816,  37.797 ,8.097
Herculândia,28.785,33.077,16.352,33.809,112.022,8.080,  120.102 ,13.978
Holambra,104.310,71.520,28.351,93.667,297.849,31.302,  329.151 ,31.540
Hortolândia,4.680,2.160.434,406.579,2.399.115,4.970.809,1.059.552,  6.030.361 ,32.710
Iacanga,52.546,19.493,20.151,48.068,140.258,10.517,  150.775 ,15.623
Iacri,37.390,7.183,12.361,17.877,74.811,2.898,  77.709 ,11.983
Iaras,13.924,3.477,14.515,24.975,56.891,4.851,  61.742 ,10.916
Ibaté,40.748,78.315,64.072,124.041,307.176,28.629,  335.804 ,11.250
Ibirá,20.359,7.980,27.130,33.352,88.822,4.681,  93.503 ,8.820
Ibirarema,26.383,13.410,15.849,28.387,84.029,5.928,  89.957 ,13.820
Ibitinga,61.643,192.197,98.172,273.936,625.947,61.121,  687.068 ,13.285
Ibiúna,92.299,134.885,134.589,227.309,589.083,56.394,  645.477 ,9.202
Icém,14.701,24.275,22.354,37.580,98.911,6.003,  104.914 ,14.297
Iepê,27.130,9.327,17.424,31.983,85.865,4.344,  90.209 ,11.943
Igaraçu do Tietê,6.211,16.936,43.797,60.885,127.828,12.716,  140.544 ,6.050
Igarapava,47.629,66.433,59.783,215.284,389.129,34.385,  423.514 ,15.380
Igaratá,2.780,9.000,21.471,27.130,60.382,6.431,  66.814 ,7.610
Iguape,25.072,10.674,65.292,88.380,189.418,9.588,  199.006 ,6.927
Ilha Comprida,905,5.306,37.320,33.405,76.936,3.242,  80.177 ,9.394
Ilha Solteira,36.204,10.684,69.581,141.526,257.995,18.552,  276.547 ,11.119
Ilhabela,749,27.485,71.307,172.962,272.503,19.394,  291.897 ,10.957
Indaiatuba,17.538,2.448.483,404.230,1.926.275,4.796.526,1.267.868,  6.064.394 ,31.912
Indiana,8.120,3.257,11.165,11.333,33.876,1.500,  35.376 ,7.286
Indiaporã,12.795,4.397,9.797,14.149,41.138,1.446,  42.584 ,10.819
Inúbia Paulista,7.330,5.487,9.488,34.320,56.624,9.173,  65.798 ,18.488
Ipaussu,22.289,36.575,29.478,57.601,145.944,10.611,  156.554 ,11.623
Iperó,8.336,139.368,56.692,79.802,284.199,56.252,  340.451 ,13.010
Ipeúna,9.993,68.429,14.803,35.906,129.131,17.416,  146.547 ,25.960
Ipiguá,20.613,2.168,9.724,6.870,39.375,1.143,  40.518 ,9.543
Iporanga,1.645,3.512,12.591,6.291,24.039,962,  25.001 ,5.710
Ipuã,55.438,28.327,37.606,58.899,180.269,11.907,  192.176 ,13.999
Iracemápolis,13.343,109.604,45.127,111.589,279.663,47.017,  326.680 ,17.118
Irapuã,24.202,12.840,16.259,20.350,73.650,3.567,  77.218 ,10.800
Irapuru,18.412,5.600,14.435,17.681,56.128,1.931,  58.059 ,7.497
Itaberá,108.532,14.352,33.004,71.385,227.274,7.470,  234.744 ,12.944
Itaí,60.888,30.474,48.838,80.924,221.123,17.553,  238.676 ,10.182
Itajobi,67.839,18.501,33.371,57.781,177.491,7.750,  185.241 ,12.778
Itaju,13.530,2.152,8.684,9.671,34.036,1.425,  35.461 ,11.301
Itanhaém,24.101,65.744,202.676,350.452,642.972,49.220,  692.192 ,8.233
Itaóca,2.743,2.174,7.873,5.315,18.105,686,  18.791 ,5.780
Itapecerica da Serra,4.655,433.412,308.982,891.944,1.638.992,232.865,  1.871.858 ,12.602
Itapetininga,275.194,657.504,261.535,793.436,1.987.669,241.184,  2.228.853 ,15.827
Itapeva,186.375,152.333,200.158,444.669,983.535,113.754,  1.097.289 ,12.576
Itapevi,59,637.626,385.407,1.259.597,2.282.689,512.506,  2.795.195 ,14.501
Itapira,67.717,631.703,161.306,554.995,1.415.721,219.650,  1.635.371 ,24.199
Itapirapuã Paulista,4.813,631,9.518,3.974,18.937,456,  19.393 ,5.015
Itápolis,125.117,95.216,72.672,249.206,542.211,44.225,  586.436 ,14.777
Itaporanga,14.618,6.073,29.115,37.834,87.640,3.829,  91.469 ,6.286
Itapuí,11.341,70.975,26.353,68.572,177.241,24.658,  201.899 ,17.093
Itapura,9.197,4.774,11.370,10.154,35.495,1.917,  37.411 ,8.855
Itaquaquecetuba,2.705,750.282,584.781,807.891,2.145.659,306.798,  2.452.457 ,7.864
Itararé,53.267,61.443,98.434,213.985,427.129,43.224,  470.353 ,9.818
Itariri,32.825,4.759,32.486,28.070,98.140,2.511,  100.651 ,6.669
Itatiba,156.711,832.967,216.571,857.404,2.063.653,415.403,  2.479.056 ,25.487
Itatinga,40.422,8.425,39.742,50.007,138.596,10.588,  149.184 ,8.493
Itirapina,37.585,146.209,38.107,81.940,303.842,37.927,  341.769 ,22.800
Itirapuã,11.773,3.275,14.067,12.866,41.980,1.565,  43.545 ,7.465
Itobi,10.829,4.850,14.714,15.683,46.075,2.405,  48.480 ,6.415
Itu,31.363,1.246.553,313.740,1.643.405,3.235.060,727.806,  3.962.866 ,26.351
Itupeva,14.612,560.999,101.281,382.003,1.058.895,281.608,  1.340.503 ,32.978
Ituverava,100.910,35.279,83.639,237.919,457.747,35.959,  493.705 ,12.873
Jaborandi,24.307,2.936,16.598,22.162,66.003,2.073,  68.076 ,10.420
Jaboticabal,72.584,280.163,142.922,626.278,1.121.947,136.920,  1.258.867 ,17.737
Jacareí,13.909,2.562.925,428.155,1.582.807,4.587.795,1.091.611,  5.679.406 ,27.385
Jaci,13.326,63.459,12.763,61.494,151.041,17.046,  168.086 ,31.530
Jacupiranga,23.245,11.734,35.814,76.781,147.574,12.009,  159.583 ,9.262
Jaguariúna,10.805,1.052.432,126.599,1.185.038,2.374.874,721.326,  3.096.200 ,75.222
Jales,19.032,80.466,90.398,313.565,503.461,46.982,  550.443 ,11.729
Jambeiro,4.113,79.187,14.421,30.089,127.810,34.860,  162.670 ,32.059
Jandira,119,544.969,218.344,584.041,1.347.473,355.178,  1.702.651 ,16.208
Jardinópolis,65.041,70.142,84.725,165.197,385.106,35.692,  420.798 ,11.628
Jarinu,12.710,90.476,50.574,170.176,323.936,51.513,  375.449 ,16.733
Jaú,43.172,283.038,245.232,1.073.878,1.645.320,230.799,  1.876.119 ,14.748
Jeriquara,16.731,5.243,10.388,11.177,43.540,1.547,  45.088 ,14.165
Joanópolis,10.411,5.619,24.010,40.947,80.987,5.033,  86.020 ,7.474
João Ramalho,33.064,6.320,10.955,13.551,63.889,2.145,  66.034 ,16.249
José Bonifácio,51.433,179.919,67.533,188.757,487.642,48.614,  536.256 ,16.794
Júlio Mesquita,2.285,890,10.430,9.454,23.060,1.052,  24.112 ,5.501
Jumirim,2.046,8.531,6.926,10.497,28.000,4.040,  32.039 ,11.968
Jundiaí,34.595,4.942.353,851.938,9.167.668,14.996.554,3.485.615,  18.482.169 ,51.312
Junqueirópolis,36.110,34.797,36.684,86.513,194.105,13.832,  207.937 ,11.323
Juquiá,22.159,8.987,39.863,49.930,120.939,5.297,  126.236 ,6.428
Juquitiba,268,22.194,61.542,179.557,263.560,23.581,  287.142 ,10.091
Lagoinha,5.722,3.275,12.025,12.078,33.098,1.457,  34.555 ,7.103
Laranjal Paulista,25.125,160.091,59.536,142.657,387.410,63.786,  451.196 ,18.307
Lavínia,35.234,8.366,20.318,18.015,81.933,2.481,  84.414 ,10.532
Lavrinhas,2.558,20.207,16.607,20.210,59.582,9.762,  69.344 ,10.693
Leme,63.007,301.454,175.816,519.640,1.059.916,151.681,  1.211.597 ,13.514
Lençóis Paulista,99.047,463.347,130.342,506.392,1.199.128,168.881,  1.368.010 ,22.738
Limeira,68.076,2.583.566,519.541,2.451.532,5.622.715,1.071.401,  6.694.116 ,24.713
Lindóia,2.950,7.555,15.385,27.684,53.574,4.538,  58.112 ,9.056
Lins,35.938,1.029.504,139.154,817.535,2.022.131,227.062,  2.249.193 ,31.993
Lorena,6.298,383.381,158.089,471.178,1.018.945,146.090,  1.165.035 ,14.269
Lourdes,10.579,2.667,7.000,5.732,25.978,706,  26.684 ,12.677
Louveira,14.751,1.703.258,91.896,1.407.990,3.217.895,879.146,  4.097.041 ,119.828
Lucélia,17.648,45.795,41.348,92.032,196.822,20.188,  217.010 ,11.070
Lucianópolis,7.286,4.406,6.892,7.285,25.869,1.006,  26.875 ,12.052
Luís Antônio,55.777,369.767,38.348,120.891,584.783,81.855,  666.638 ,63.989
Luiziânia,8.032,5.971,11.313,11.118,36.433,1.562,  37.995 ,7.800
Lupércio,7.778,1.973,10.805,9.087,29.642,936,  30.579 ,7.038
Lutécia,20.645,6.372,8.447,9.344,44.807,1.463,  46.270 ,16.777
Macatuba,34.637,18.743,37.038,92.078,182.497,10.819,  193.316 ,11.953
Macaubal,17.062,3.473,14.892,26.230,61.656,3.295,  64.951 ,8.539
Macedônia,11.916,7.487,9.691,8.513,37.607,1.134,  38.741 ,10.488
Magda,11.595,5.318,8.304,12.338,37.555,2.301,  39.855 ,12.351
Mairinque,9.061,524.867,97.338,297.137,928.402,224.319,  1.152.722 ,27.088
Mairiporã,192,196.511,156.625,333.455,686.784,114.403,  801.187 ,10.452
Manduri,8.689,7.755,19.927,24.203,60.575,5.223,  65.797 ,7.446
Marabá Paulista,30.411,9.875,14.529,13.713,68.528,2.232,  70.760 ,15.460
Maracaí,58.363,50.677,30.989,78.448,218.477,22.033,  240.510 ,18.115
Marapoama,12.042,10.723,7.459,10.268,40.492,4.075,  44.567 ,17.491
Mariápolis,6.973,3.273,9.468,7.590,27.303,834,  28.137 ,7.228
Marília,34.670,684.061,510.196,1.853.224,3.082.151,421.941,  3.504.092 ,16.463
Marinópolis,5.471,771,6.664,4.183,17.088,383,  17.471 ,8.115
Martinópolis,37.679,11.993,52.778,76.067,178.517,10.072,  188.589 ,7.915
Matão,45.974,775.090,150.169,633.484,1.604.718,253.363,  1.858.081 ,24.453
Mauá,520,2.841.750,715.952,2.456.379,6.014.602,1.258.413,  7.273.015 ,17.865
Mendonça,10.458,17.850,10.597,18.416,57.321,4.468,  61.789 ,13.876
Meridiano,14.290,6.258,9.612,13.415,43.574,2.920,  46.494 ,11.900
Mesópolis,7.384,873,7.015,4.244,19.517,462,  19.978 ,10.548
Miguelópolis,99.079,149.790,54.236,87.177,390.282,8.231,  398.513 ,19.755
Mineiros do Tietê,13.831,10.213,25.239,29.795,79.078,4.913,  83.991 ,7.053
Mira Estrela,6.099,3.018,8.383,9.041,26.540,1.373,  27.913 ,10.023
Miracatu,59.850,10.353,50.324,80.246,200.773,10.696,  211.468 ,10.017
Mirandópolis,37.152,25.668,50.282,106.902,220.004,20.396,  240.400 ,8.849
Mirante do Paranapanema,23.242,11.750,37.249,37.875,110.114,7.456,  117.571 ,6.963
Mirassol,15.836,211.916,107.546,315.497,650.795,89.453,  740.248 ,14.053
Mirassolândia,13.556,5.049,9.376,9.534,37.516,1.320,  38.836 ,9.318
Mococa,93.013,170.518,146.417,374.501,784.449,82.288,  866.737 ,13.065
Mogi das Cruzes,105.042,2.507.766,678.014,2.928.362,6.219.184,1.017.614,  7.236.798 ,19.234
Mogi Guaçu,139.574,1.280.104,322.668,1.020.040,2.762.386,484.752,  3.247.138 ,24.099
Mogi Mirim,71.100,691.687,221.141,872.248,1.856.176,399.532,  2.255.708 ,26.381
Mombuca,11.182,1.839,10.177,10.801,34.000,1.236,  35.236 ,10.892
Monções,5.341,8.971,7.158,8.119,29.588,4.203,  33.791 ,15.977
Mongaguá,4.131,28.561,100.705,157.290,290.686,19.304,  309.990 ,7.037
Monte Alegre do Sul,14.437,43.463,17.473,32.820,108.194,11.147,  119.342 ,17.137
Monte Alto,65.649,221.913,94.595,321.368,703.525,114.295,  817.820 ,17.744
Monte Aprazível,42.359,100.127,45.006,138.489,325.981,36.763,  362.743 ,17.257
Monte Azul Paulista,33.452,21.132,42.497,157.803,254.885,24.938,  279.823 ,14.617
Monte Castelo,18.644,4.129,11.380,16.831,50.984,2.107,  53.090 ,13.016
Monte Mor,29.474,881.008,95.393,325.295,1.331.170,376.867,  1.708.036 ,36.743
Monteiro Lobato,1.777,3.251,11.087,14.500,30.617,2.304,  32.921 ,8.210
Morro Agudo,183.009,146.190,62.550,184.034,575.783,42.176,  617.959 ,21.806
Morungaba,13.676,82.023,27.830,75.229,198.758,37.528,  236.287 ,20.721
Motuca,16.634,21.311,14.770,17.214,69.929,4.227,  74.156 ,17.598
Murutinga do Sul,10.151,6.644,10.701,12.556,40.051,1.605,  41.656 ,10.067
Nantes,28.133,1.531,7.835,15.722,53.221,1.064,  54.284 ,20.775
Narandiba,30.102,14.078,12.273,18.067,74.521,4.615,  79.136 ,19.009
Natividade da Serra,5.133,3.222,16.398,16.118,40.870,1.597,  42.467 ,6.304
Nazaré Paulista,19.764,37.127,30.770,55.507,143.168,16.167,  159.335 ,9.935
Neves Paulista,15.552,29.565,17.208,33.853,96.177,5.826,  102.003 ,11.569
Nhandeara,29.341,11.059,21.780,57.112,119.292,7.492,  126.784 ,11.947
Nipoã,12.524,7.411,9.543,16.299,45.777,3.109,  48.886 ,12.080
Nova Aliança,19.142,10.449,12.732,17.512,59.834,4.495,  64.328 ,11.388
Nova Campina,24.903,53.652,21.656,22.647,122.858,10.869,  133.727 ,16.048
Nova Canaã Paulista,8.615,1.872,6.701,4.089,21.278,556,  21.834 ,9.920
Nova Castilho,12.442,716,5.784,4.216,23.158,310,  23.468 ,21.550
Nova Europa,11.750,21.687,24.017,30.030,87.485,9.527,  97.012 ,10.961
Nova Granada,41.810,13.567,35.753,66.940,158.069,7.039,  165.108 ,8.832
Nova Guataporanga,1.660,649,6.553,4.648,13.510,528,  14.038 ,6.454
Nova Independência,11.901,5.913,9.951,10.444,38.209,2.690,  40.899 ,14.396
Nova Luzitânia,4.476,1.457,8.507,7.439,21.878,946,  22.824 ,6.946
Nova Odessa,6.744,504.513,104.713,315.942,931.912,186.622,  1.118.534 ,22.639
Novais,11.657,1.015,10.104,7.264,30.040,772,  30.812 ,7.234
Novo Horizonte,85.987,58.865,80.031,181.702,406.585,26.326,  432.911 ,12.120
Nuporanga,40.527,37.775,19.662,45.294,143.259,11.106,  154.365 ,23.009
Ocauçu,10.728,1.680,10.659,11.925,34.992,1.527,  36.519 ,8.795
Óleo,12.828,1.138,7.773,6.242,27.981,402,  28.383 ,10.328
Olímpia,66.847,251.339,96.722,393.977,808.885,117.775,  926.661 ,18.823
Onda Verde,36.141,34.348,11.194,53.220,134.903,13.517,  148.419 ,39.171
Oriente,10.211,8.772,11.782,16.131,46.895,3.158,  50.053 ,8.264
Orindiúva,23.996,44.871,18.124,36.376,123.368,22.464,  145.832 ,27.202
Orlândia,32.968,234.558,85.172,364.637,717.334,135.984,  853.319 ,21.801
Osasco,226,2.281.214,1.500.849,21.724.052,25.506.342,6.919.672,  32.426.014 ,48.749
Oscar Bressane,7.561,2.594,8.125,11.676,29.956,1.158,  31.114 ,12.318
Osvaldo Cruz,18.834,146.559,58.757,235.618,459.768,48.079,  507.847 ,16.519
Ourinhos,49.663,278.469,212.743,800.388,1.341.263,169.678,  1.510.941 ,14.941
Ouro Verde,16.254,7.473,18.554,20.028,62.308,3.205,  65.514 ,8.534
Ouroeste,13.750,22.136,29.305,36.568,101.759,8.876,  110.635 ,13.964
Pacaembu,21.269,3.177,27.658,37.214,89.318,4.266,  93.583 ,7.140
Palestina,48.946,26.215,25.835,41.115,142.111,7.483,  149.595 ,14.082
Palmares Paulista,7.894,7.052,21.888,22.579,59.412,3.931,  63.343 ,6.077
Palmeira d'Oeste,17.540,7.379,17.416,32.497,74.833,3.404,  78.237 ,8.026
Palmital,71.709,50.472,47.214,131.789,301.185,27.815,  329.000 ,15.572
Panorama,8.452,20.333,29.851,66.022,124.658,10.064,  134.722 ,9.345
Paraguaçu Paulista,94.329,86.818,91.952,216.029,489.128,35.253,  524.381 ,12.538
Paraibuna,8.176,17.776,40.503,60.083,126.538,8.075,  134.612 ,7.753
Paraíso,14.429,20.863,15.863,26.831,77.986,8.158,  86.144 ,14.870
Paranapanema,67.772,12.973,43.588,90.038,214.370,11.440,  225.811 ,12.999
Paranapuã,5.945,2.400,8.329,8.525,25.198,1.249,  26.448 ,6.978
Parapuã,37.954,25.966,22.557,62.592,149.069,11.159,  160.228 ,14.630
Pardinho,18.466,13.260,16.037,49.593,97.356,9.213,  106.569 ,19.750
Pariquera-Açu,12.085,27.709,37.253,138.124,215.171,19.329,  234.500 ,12.820
Parisi,20.122,2.949,6.887,6.738,36.696,692,  37.388 ,18.545
Patrocínio Paulista,68.575,86.990,25.838,79.573,260.975,28.268,  289.243 ,22.852
Paulicéia,14.219,6.755,14.383,19.796,55.153,3.929,  59.082 ,9.649
Paulínia,10.309,5.603.677,537.809,3.720.457,9.872.252,1.782.438,  11.654.690 ,154.269
Paulistânia,8.064,582,5.919,3.351,17.916,286,  18.201 ,10.157
Paulo de Faria,57.167,6.053,21.009,31.104,115.332,2.363,  117.695 ,13.685
Pederneiras,86.431,464.143,82.441,316.111,949.126,144.543,  1.093.669 ,26.988
Pedra Bela,11.623,1.743,13.456,10.059,36.882,1.418,  38.299 ,6.665
Pedranópolis,10.949,4.758,9.186,6.928,31.820,1.316,  33.136 ,12.754
Pedregulho,67.554,302.576,32.390,57.255,459.775,5.072,  464.847 ,29.850
Pedreira,4.809,214.565,90.782,226.710,536.867,115.197,  652.064 ,16.174
Pedrinhas Paulista,16.062,4.180,9.427,20.875,50.544,1.993,  52.537 ,17.906
Pedro de Toledo,26.384,3.868,22.974,23.765,76.990,2.137,  79.127 ,7.879
Penápolis,64.800,144.184,120.589,392.215,721.789,72.946,  794.735 ,13.764
Pereira Barreto,49.932,18.711,57.842,132.639,259.124,19.735,  278.858 ,11.158
Pereiras,6.003,52.972,17.059,65.620,141.654,12.900,  154.555 ,21.559
Peruíbe,16.384,31.300,141.486,265.325,454.495,36.838,  491.334 ,8.451
Piacatu,13.700,8.682,12.346,15.566,50.293,1.920,  52.213 ,10.182
Piedade,93.745,54.564,93.000,199.472,440.781,44.881,  485.662 ,9.369
Pilar do Sul,43.110,9.537,51.907,74.420,178.973,9.738,  188.711 ,7.258
Pindamonhangaba,21.405,1.426.520,301.131,1.162.284,2.911.340,763.191,  3.674.531 ,25.726
Pindorama,26.283,26.051,31.056,50.689,134.080,15.849,  149.929 ,10.232
Pinhalzinho,26.504,7.656,25.274,39.061,98.495,6.431,  104.925 ,8.274
Piquerobi,11.421,5.038,10.615,8.746,35.820,1.512,  37.332 ,10.540
Piquete,1.779,2.663,29.447,31.885,65.774,3.734,  69.509 ,4.838
Piracaia,17.621,29.055,51.022,83.424,181.122,16.398,  197.520 ,7.957
Piracicaba,126.719,3.990.445,740.165,4.247.795,9.105.125,1.854.631,  10.959.755 ,30.657
Piraju,12.504,21.500,57.980,160.485,252.469,22.268,  274.736 ,9.633
Pirajuí,26.917,23.416,37.209,78.041,165.583,13.489,  179.072 ,8.060
Pirangi,33.524,11.910,20.706,43.243,109.382,6.820,  116.202 ,11.045
Pirapora do Bom Jesus,38,29.022,43.975,286.603,359.638,22.503,  382.141 ,25.304
Pirapozinho,21.713,110.908,49.868,124.957,307.446,36.112,  343.558 ,14.205
Pirassununga,74.818,252.588,136.079,468.418,931.904,168.098,  1.100.002 ,15.944
Piratininga,11.187,5.546,22.346,35.875,74.954,4.403,  79.357 ,6.730
Pitangueiras,48.983,142.199,73.585,155.559,420.326,42.519,  462.845 ,13.392
Planalto,20.854,16.305,12.249,19.832,69.240,9.521,  78.761 ,18.411
Platina,23.264,7.775,9.720,11.000,51.759,2.646,  54.405 ,17.421
Poá,643,482.790,220.427,1.930.837,2.634.697,806.801,  3.441.498 ,33.106
Poloni,13.104,6.802,11.200,15.588,46.694,3.553,  50.247 ,9.582
Pompéia,21.277,322.871,46.338,179.297,569.783,110.295,  680.079 ,34.687
Pongaí,8.348,5.072,9.139,11.590,34.149,1.676,  35.826 ,10.158
Pontal,43.394,140.911,78.463,164.174,426.942,41.636,  468.578 ,12.332
Pontalinda,8.435,3.956,9.898,8.380,30.669,1.381,  32.049 ,8.122
Pontes Gestal,21.850,18.597,8.934,14.517,63.899,14.088,  77.987 ,31.095
Populina,19.254,1.958,10.970,11.944,44.127,853,  44.980 ,10.539
Porangaba,39.092,10.407,17.012,21.205,87.717,3.879,  91.595 ,11.435
Porto Feliz,61.411,190.096,103.512,234.912,589.931,82.358,  672.289 ,13.935
Porto Ferreira,26.463,295.376,118.170,297.256,737.265,148.554,  885.820 ,17.484
Potim,847,19.657,37.058,31.426,88.988,7.413,  96.401 ,5.310
Potirendaba,30.865,61.972,34.005,71.284,198.127,19.462,  217.588 ,14.511
Pracinha,3.051,590,7.515,3.447,14.602,303,  14.905 ,5.809
Pradópolis,30.124,101.255,45.717,95.598,272.694,35.289,  307.984 ,18.771
Praia Grande,873,238.440,578.936,1.298.596,2.116.846,194.595,  2.311.440 ,9.328
Pratânia,34.634,7.515,11.582,13.570,67.302,2.195,  69.497 ,15.499
Presidente Alves,12.950,9.247,10.104,13.709,46.010,5.177,  51.186 ,12.331
Presidente Bernardes,18.881,12.101,33.220,50.017,114.218,6.018,  120.236 ,8.678
Presidente Epitácio,19.718,173.420,81.923,234.024,509.084,52.577,  561.661 ,13.715
Presidente Prudente,32.707,611.711,383.531,2.059.269,3.087.217,419.523,  3.506.740 ,17.176
Presidente Venceslau,20.142,60.321,67.341,222.187,369.991,36.293,  406.284 ,10.715
Promissão,59.854,415.923,75.553,262.189,813.518,87.410,  900.929 ,25.932
Quadra,42.875,2.823,9.725,13.149,68.572,2.500,  71.073 ,22.912
Quatá,40.231,31.389,28.255,53.109,152.984,14.296,  167.280 ,13.375
Queiroz,26.633,19.993,8.471,14.401,69.499,4.342,  73.841 ,27.450
Queluz,2.207,6.010,24.135,44.710,77.061,9.651,  86.711 ,7.961
Quintana,14.569,5.056,12.646,16.012,48.284,3.431,  51.714 ,8.780
Rafard,16.737,63.213,18.855,41.852,140.657,17.258,  157.916 ,18.448
Rancharia,86.001,115.573,64.629,176.114,442.317,37.418,  479.735 ,16.607
Redenção da Serra,3.321,7.146,11.104,12.078,33.649,1.921,  35.570 ,9.086
Regente Feijó,22.498,46.266,37.777,169.536,276.077,43.459,  319.536 ,17.534
Reginópolis,16.725,19.490,16.233,18.605,71.053,3.274,  74.327 ,10.921
Registro,18.850,63.246,96.503,287.733,466.333,37.954,  504.286 ,9.285
Restinga,33.250,7.357,17.752,19.046,77.405,2.371,  79.777 ,12.496
Ribeira,4.270,640,8.624,4.812,18.346,1.281,  19.627 ,5.751
Ribeirão Bonito,51.281,7.835,24.955,45.583,129.654,4.286,  133.940 ,11.201
Ribeirão Branco,99.029,10.600,39.937,38.101,187.667,2.878,  190.546 ,9.968
Ribeirão Corrente,25.320,3.312,11.841,11.802,52.274,958,  53.232 ,12.720
Ribeirão do Sul,21.518,7.968,10.994,20.264,60.744,2.594,  63.338 ,14.205
Ribeirão dos Índios,8.380,943,6.694,4.050,20.066,320,  20.387 ,9.284
Ribeirão Grande,6.711,68.394,16.859,21.253,113.217,14.022,  127.240 ,17.100
Ribeirão Pires,970,390.735,197.303,599.578,1.188.585,176.783,  1.365.368 ,12.231
Ribeirão Preto,81.796,2.001.804,1.199.129,9.007.846,12.290.576,1.939.654,  14.230.230 ,24.371
Rifaina,5.690,3.423,10.866,12.294,32.274,1.521,  33.795 ,9.836
Rincão,25.455,5.935,24.253,28.869,84.511,3.723,  88.234 ,8.452
Rinópolis,17.408,9.058,19.569,32.630,78.665,4.902,  83.567 ,8.344
Rio Claro,52.544,1.850.677,426.486,1.614.892,3.944.598,689.190,  4.633.788 ,25.402
Rio das Pedras,26.367,270.567,68.584,184.409,549.928,116.139,  666.067 ,23.585
Rio Grande da Serra,246,79.840,71.881,92.941,244.909,25.951,  270.860 ,6.338
Riolândia,37.058,12.017,19.738,27.557,96.370,3.626,  99.996 ,9.862
Riversul,8.441,1.873,13.324,7.550,31.188,741,  31.929 ,4.986
Rosana,12.640,482.805,55.029,68.094,618.569,9.720,  628.288 ,30.304
Roseira,2.631,34.241,20.294,43.915,101.080,13.613,  114.693 ,12.209
Rubiácea,24.749,6.783,7.132,9.727,48.391,1.218,  49.610 ,18.806
Rubinéia,5.447,3.530,9.776,7.861,26.613,1.045,  27.658 ,9.839
Sabino,9.040,6.326,14.219,15.863,45.448,2.346,  47.793 ,9.282
Sagres,5.775,2.207,6.745,5.941,20.668,720,  21.388 ,8.934
Sales,16.296,1.989,13.311,15.523,47.118,1.597,  48.715 ,9.295
Sales Oliveira,43.819,32.338,20.381,51.946,148.483,14.076,  162.559 ,15.744
Salesópolis,14.365,5.731,35.355,42.971,98.420,6.169,  104.589 ,6.764
Salmourão,9.957,5.244,11.133,10.124,36.459,1.406,  37.864 ,7.985
Saltinho,10.880,20.503,17.015,34.955,83.353,12.652,  96.005 ,14.154
Salto,14.123,759.174,205.966,1.189.474,2.168.738,525.583,  2.694.321 ,26.165
Salto de Pirapora,10.685,392.067,74.288,186.554,663.594,88.614,  752.208 ,19.220
Salto Grande,20.505,24.579,19.081,40.387,104.551,7.980,  112.531 ,12.884
Sandovalina,31.976,79.701,13.461,12.934,138.071,2.526,  140.597 ,39.207
Santa Adélia,40.775,6.170,28.499,57.999,133.442,6.742,  140.184 ,9.869
Santa Albertina,9.939,3.902,12.348,20.025,46.214,2.669,  48.883 ,8.564
Santa Bárbara d'Oeste,18.806,1.023.405,370.677,1.020.228,2.433.117,442.352,  2.875.469 ,16.149
Santa Branca,4.331,116.843,36.298,61.659,219.131,20.462,  239.593 ,17.571
Santa Clara d'Oeste,9.871,1.696,7.097,5.112,23.775,584,  24.359 ,11.555
Santa Cruz da Conceição,23.079,15.225,12.170,24.479,74.953,5.855,  80.808 ,20.641
Santa Cruz da Esperança,9.114,2.337,6.201,5.361,23.012,557,  23.570 ,12.244
Santa Cruz das Palmeiras,38.111,8.496,60.536,113.184,220.327,15.188,  235.515 ,8.106
Santa Cruz do Rio Pardo,76.764,197.364,79.688,331.732,685.548,69.012,  754.560 ,17.413
Santa Ernestina,13.220,4.271,12.802,15.617,45.909,1.712,  47.621 ,8.481
Santa Fé do Sul,15.634,111.964,77.155,213.814,418.566,43.861,  462.426 ,16.116
Santa Gertrudes,8.045,447.150,54.100,138.315,647.610,136.229,  783.838 ,38.380
Santa Isabel,14.598,159.941,95.469,313.905,583.913,98.003,  681.916 ,13.855
Santa Lúcia,12.574,4.685,18.627,17.457,53.343,2.244,  55.587 ,6.825
Santa Maria da Serra,20.203,3.976,14.872,24.015,63.066,5.230,  68.296 ,13.004
Santa Mercedes,12.542,4.128,8.171,8.798,33.639,1.300,  34.939 ,12.333
Santa Rita do Passa Quatro,72.241,55.954,61.281,167.237,356.713,39.080,  395.793 ,14.965
Santa Rita d'Oeste,6.932,22.937,7.951,14.997,52.818,5.036,  57.854 ,22.476
Santa Rosa de Viterbo,28.660,116.434,51.494,108.019,304.607,64.074,  368.681 ,15.798
Santa Salete,5.271,550,5.166,2.769,13.756,305,  14.062 ,9.758
Santana da Ponte Pensa,6.708,1.605,5.821,4.084,18.217,529,  18.747 ,11.112
Santana de Parnaíba,22.440,763.147,321.789,2.690.303,3.797.679,522.984,  4.320.662 ,42.625
Santo Anastácio,22.140,29.572,42.889,88.498,183.098,16.868,  199.967 ,9.711
Santo André,253,3.825.720,1.340.399,7.137.217,12.303.588,2.545.677,  14.849.265 ,22.111
Santo Antônio da Alegria,21.731,5.813,14.520,16.107,58.171,1.969,  60.140 ,9.666
Santo Antônio de Posse,46.016,62.157,48.026,134.165,290.363,32.116,  322.479 ,16.045
Santo Antônio do Aracanguá,45.894,33.478,26.345,32.749,138.467,14.153,  152.619 ,20.387
Santo Antônio do Jardim,8.316,3.251,13.162,19.125,43.854,3.296,  47.150 ,7.869
Santo Antônio do Pinhal,3.056,2.722,16.872,18.650,41.300,2.066,  43.366 ,6.704
Santo Expedito,5.392,2.588,7.704,5.398,21.081,610,  21.691 ,7.882
Santópolis do Aguapeí,9.383,3.830,10.109,11.572,34.894,1.594,  36.487 ,8.725
Santos,843,919.953,1.031.190,7.715.869,9.667.855,1.927.815,  11.595.670 ,27.595
São Bento do Sapucaí,16.073,4.362,21.032,33.715,75.182,4.309,  79.491 ,7.601
São Bernardo do Campo,2.084,12.796.064,1.731.416,12.704.744,27.234.309,9.130.214,  36.364.523 ,48.286
São Caetano do Sul,6,4.945.710,631.721,4.518.859,10.096.296,3.653.787,  13.750.084 ,93.341
São Carlos,102.434,1.752.649,480.086,2.001.567,4.336.736,685.928,  5.022.665 ,23.252
São Francisco,4.538,891,7.414,4.611,17.454,690,  18.145 ,6.432
São João da Boa Vista,38.725,453.397,168.974,665.570,1.326.666,185.332,  1.511.999 ,18.314
São João das Duas Pontes,6.777,845,7.342,4.883,19.847,399,  20.247 ,7.817
São João de Iracema,6.165,4.529,6.024,4.594,21.311,955,  22.267 ,12.651
São João do Pau d'Alho,3.470,1.554,7.132,4.855,17.012,657,  17.669 ,8.354
São Joaquim da Barra,48.153,158.194,87.174,301.004,594.526,79.413,  673.938 ,14.795
São José da Bela Vista,40.182,11.724,16.826,24.014,92.745,3.155,  95.901 ,11.469
São José do Barreiro,3.940,2.096,12.793,8.383,27.213,1.431,  28.643 ,6.986
São José do Rio Pardo,48.249,244.087,101.701,358.679,752.717,90.801,  843.518 ,16.346
São José do Rio Preto,22.450,936.227,765.550,4.867.626,6.591.853,972.515,  7.564.368 ,19.030
São José dos Campos,14.394,11.605.818,1.318.909,8.236.812,21.175.933,3.708.404,  24.884.337 ,40.737
São Lourenço da Serra,303,18.653,36.042,64.756,119.755,18.042,  137.797 ,10.118
São Luís do Paraitinga,8.828,6.654,27.301,28.104,70.887,4.549,  75.436 ,7.203
São Manuel,100.992,105.186,73.686,246.859,526.724,50.220,  576.944 ,15.164
São Miguel Arcanjo,79.071,11.896,57.692,87.877,236.536,11.591,  248.127 ,7.899
São Paulo,10.567,41.061.916,22.682.244,220.108.253,283.862.981,70.226.125,  354.089.105 ,31.918
São Pedro,55.337,29.555,65.296,143.077,293.265,20.307,  313.572 ,10.149
São Pedro do Turvo,26.268,7.018,16.522,20.434,70.241,3.874,  74.116 ,10.348
São Roque,14.244,221.004,140.262,504.252,879.763,164.824,  1.044.587 ,13.661
São Sebastião,2.566,87.427,264.921,1.276.854,1.631.768,1.830.391,  3.462.159 ,49.027
São Sebastião da Grama,17.760,12.875,24.085,56.327,111.047,8.638,  119.685 ,9.813
São Simão,74.100,26.858,34.099,81.115,216.172,20.570,  236.743 ,16.626
São Vicente,711,248.518,674.766,1.363.957,2.287.952,215.872,  2.503.824 ,7.660
Sarapuí,15.859,8.556,18.670,19.946,63.030,4.123,  67.153 ,7.623
Sarutaiá,3.788,1.153,8.821,7.481,21.243,549,  21.792 ,5.977
Sebastianópolis do Sul,17.931,31.662,9.388,21.815,80.795,14.658,  95.453 ,32.611
Serra Azul,24.511,12.910,19.848,20.010,77.279,3.375,  80.654 ,7.684
Serra Negra,18.473,39.439,56.204,154.309,268.425,20.259,  288.684 ,11.138
Serrana,17.469,78.592,86.467,117.047,299.575,22.493,  322.068 ,8.575
Sertãozinho,65.667,1.335.123,242.243,1.093.700,2.736.733,498.952,  3.235.685 ,30.324
Sete Barras,41.321,5.647,29.427,27.835,104.231,2.804,  107.035 ,8.107
Severínia,15.077,25.741,33.296,45.237,119.351,9.786,  129.137 ,8.532
Silveiras,7.812,1.122,13.039,8.954,30.927,1.479,  32.405 ,5.645
Socorro,37.081,41.567,64.241,155.223,298.111,26.423,  324.534 ,9.044
Sorocaba,16.835,5.423.120,1.079.441,6.861.035,13.380.430,3.509.297,  16.889.727 ,29.763
Sud Mennucci,29.118,38.522,21.071,34.800,123.511,9.632,  133.143 ,18.051
Sumaré,33.720,3.217.569,516.641,2.598.292,6.366.221,2.687.653,  9.053.874 ,39.054
Suzanápolis,20.688,8.573,9.077,13.147,51.485,2.832,  54.318 ,16.693
Suzano,73.364,2.931.989,513.400,1.617.859,5.136.612,1.164.186,  6.300.797 ,24.608
Tabapuã,41.370,15.326,27.182,40.427,124.305,5.172,  129.477 ,11.571
Tabatinga,40.124,5.375,33.265,46.560,125.324,4.703,  130.027 ,9.038
Taboão da Serra,43,1.434.906,479.465,1.759.518,3.673.933,778.733,  4.452.665 ,18.950
Taciba,17.109,6.837,18.964,16.050,58.959,2.470,  61.429 ,10.940
Taguaí,11.063,6.504,20.087,27.233,64.887,5.056,  69.943 ,6.919
Taiaçu,10.589,1.331,12.506,14.947,39.372,1.591,  40.964 ,7.000
Taiúva,12.177,5.249,13.548,19.731,50.706,3.257,  53.963 ,9.883
Tambaú,58.028,62.498,49.625,100.549,270.700,33.124,  303.824 ,13.547
Tanabi,67.709,72.564,50.922,108.854,300.049,25.780,  325.829 ,13.728
Tapiraí,18.856,25.949,18.523,22.823,86.151,4.831,  90.982 ,11.105
Tapiratiba,24.339,24.853,26.221,45.775,121.187,18.677,  139.864 ,10.928
Taquaral,6.738,786,7.710,5.159,20.393,764,  21.156 ,7.721
Taquaritinga,83.860,63.902,114.153,308.445,570.359,47.551,  617.910 ,11.490
Taquarituba,30.214,13.978,42.876,101.952,189.020,14.309,  203.329 ,9.135
Taquarivaí,24.297,3.355,13.596,18.473,59.721,2.631,  62.352 ,12.413
Tarabai,7.472,6.242,15.302,18.747,47.763,2.915,  50.678 ,7.886
Tarumã,42.458,134.916,31.292,103.487,312.153,69.088,  381.241 ,30.716
Tatuí,63.796,504.420,216.583,645.185,1.429.984,235.696,  1.665.680 ,15.939
Taubaté,14.962,4.182.719,636.276,2.869.829,7.703.786,2.209.578,  9.913.364 ,36.498
Tejupá,9.174,1.988,13.091,7.778,32.030,848,  32.878 ,6.641
Teodoro Sampaio,39.869,18.963,41.394,73.587,173.813,23.059,  196.872 ,9.317
Terra Roxa,16.872,13.831,19.216,25.441,75.360,3.866,  79.225 ,9.484
Tietê,46.319,359.528,72.953,511.140,989.940,156.160,  1.146.100 ,32.065
Timburi,8.668,1.390,7.339,6.725,24.123,786,  24.909 ,9.291
Torre de Pedra,2.634,553,6.996,3.201,13.384,435,  13.819 ,6.147
Torrinha,22.516,6.394,18.167,34.560,81.637,4.894,  86.531 ,9.375
Trabiju,5.432,3.119,5.706,4.411,18.668,1.053,  19.721 ,13.052
Tremembé,4.300,74.900,85.590,122.009,286.799,34.559,  321.357 ,8.091
Três Fronteiras,12.437,15.961,13.099,17.367,58.864,3.042,  61.907 ,11.554
Tuiuti,41.369,4.232,12.796,19.994,78.391,4.285,  82.677 ,14.444
Tupã,58.759,148.140,116.528,426.239,749.666,68.467,  818.133 ,12.867
Tupi Paulista,14.661,7.390,31.113,66.844,120.009,8.333,  128.342 ,9.115
Turiúba,8.771,5.899,6.541,6.108,27.319,1.049,  28.367 ,14.736
Turmalina,10.403,3.322,7.047,5.824,26.596,741,  27.336 ,13.238
Ubarana,22.515,91.759,13.683,15.663,143.621,4.215,  147.836 ,29.159
Ubatuba,5.523,50.907,169.449,378.784,604.664,44.735,  649.399 ,8.477
Ubirajara,13.022,2.075,10.503,10.089,35.689,1.268,  36.957 ,8.478
Uchoa,25.189,14.200,23.605,31.503,94.498,10.308,  104.805 ,11.172
União Paulista,8.655,5.801,5.105,6.469,26.029,939,  26.968 ,17.354
Urânia,17.217,9.793,16.556,26.857,70.423,5.152,  75.575 ,8.518
Uru,9.880,3.482,5.563,4.943,23.869,735,  24.604 ,19.342
Urupês,41.401,12.811,26.863,52.407,133.482,6.805,  140.287 ,11.167
Valentim Gentil,11.408,64.259,19.760,39.315,134.743,13.585,  148.328 ,14.135
Valinhos,17.558,1.123.970,280.042,1.214.280,2.635.851,612.229,  3.248.080 ,31.867
Valparaíso,66.164,59.904,44.343,97.270,267.681,25.461,  293.142 ,13.538
Vargem,3.958,5.268,16.493,15.541,41.260,2.587,  43.848 ,5.207
Vargem Grande do Sul,20.120,36.756,69.641,175.422,301.938,34.960,  336.898 ,8.710
Vargem Grande Paulista,7.710,231.020,103.611,238.683,581.023,97.061,  678.085 ,16.590
Várzea Paulista,793,694.604,203.024,431.350,1.329.772,232.850,  1.562.622 ,15.027
Vera Cruz,11.085,8.291,20.025,30.309,69.710,3.716,  73.426 ,6.769
Vinhedo,11.761,1.481.513,167.880,1.036.248,2.697.403,815.860,  3.513.263 ,58.501
Viradouro,18.847,7.183,38.887,66.986,131.903,9.049,  140.953 ,8.285
Vista Alegre do Alto,17.857,51.140,15.777,40.019,124.793,12.650,  137.444 ,21.395
Vitória Brasil,3.870,591,5.834,3.487,13.782,290,  14.072 ,8.172
Votorantim,9.096,425.439,210.746,469.536,1.114.816,447.026,  1.561.842 ,14.681
Votuporanga,28.186,387.298,156.707,664.990,1.237.181,145.226,  1.382.407 ,16.691
Zacarias,17.764,9.839,9.029,9.543,46.176,2.090,  48.266 ,21.432